,kpi id,precison,recall,fscore
0,10,0.014194464158977998,0.43478260869565216,0.0274914089347079
