,kpi id,precison,recall,fscore
0,10,0.04155374887082204,1.0,0.0797918473547268
