,kpi id,precison,recall,fscore
0,10,0.055089820359281436,1.0,0.10442678774120319
