,kpi id,precison,recall,fscore
0,10,0.05502392344497608,1.0,0.10430839002267574
