,kpi id,precison,recall,fscore
0,14,0.024052478134110787,0.9705882352941176,0.04694167852062588
