,kpi id,precison,recall,fscore
0,14,0.03229974160206718,0.7352941176470589,0.06188118811881188
