,kpi id,precison,recall,fscore
0,14,0.025162028211971027,0.9705882352941176,0.04905239687848384
