,kpi id,tp,tn,fp,fn,precison,recall,fscore
0,14,66,105805,2551,2,0.025219717233473445,0.9705882352941176,0.049162011173184354
