,kpi id,precison,recall,fscore
0,19,0.592391304347826,0.8582677165354331,0.7009646302250804
