,kpi id,precison,recall,fscore
0,19,0.3469387755102041,0.2677165354330709,0.3022222222222222
