,kpi id,precison,recall,fscore
0,19,0.5521739130434783,1.0,0.711484593837535
