,kpi id,precison,recall,fscore
0,19,0.5594713656387665,1.0,0.7175141242937852
