,kpi id,precison,recall,fscore
0,2,0.4398541919805589,0.7718550106609808,0.5603715170278638
