,kpi id,precison,recall,fscore
0,2,0.30774800868935553,0.906183368869936,0.45945945945945943
