,kpi id,precison,recall,fscore
0,2,0.3403093721565059,0.7974413646055437,0.4770408163265306
