,kpi id,precison,recall,fscore
0,2,0.34,0.7974413646055437,0.4767367750159338
