,kpi id,precison,recall,fscore
0,26,0.8888888888888888,0.7586206896551724,0.8186046511627907
