,kpi id,precison,recall,fscore
0,26,0.9320388349514563,0.8275862068965517,0.8767123287671234
