,kpi id,precison,recall,fscore
0,26,0.6242424242424243,0.8879310344827587,0.7330960854092526
