,kpi id,tp,tn,fp,fn,precison,recall,fscore
0,26,53,8617,50,63,0.5145631067961165,0.45689655172413796,0.4840182648401827
