,kpi id,precison,recall,fscore
0,27,0.7381532629298673,0.9591836734693877,0.8342769701606733
