,kpi id,precison,recall,fscore
0,27,0.833130328867235,0.9627023223082336,0.8932419196865817
