,kpi id,precison,recall,fscore
0,27,0.8695652173913043,0.9711470795214637,0.9175531914893618
