,kpi id,tp,tn,fp,fn,precison,recall,fscore
0,27,2678,108894,412,164,0.8666666666666667,0.9422941590429276,0.9028995279838166
