,kpi id,precison,recall,fscore
0,6,0.8617560715238858,0.9826536822884967,0.9182425707379497
