,kpi id,precison,recall,fscore
0,6,0.8248175182481752,0.7221545952525867,0.7700795067337336
