,kpi id,precison,recall,fscore
0,6,0.963506139154161,0.8597078514911747,0.9086522997748472
