,kpi id,precison,recall,fscore
0,6,0.9646482324116206,0.8387096774193549,0.8972814585707308
