,kpi id,precison,recall,fscore
0,7,0.8602329450915142,1.0,0.924865831842576
