,kpi id,precison,recall,fscore
0,7,0.7535169988276671,0.9945841392649903,0.8574287143571787
