,kpi id,precison,recall,fscore
0,7,0.9080662205001762,0.9972920696324952,0.950589970501475
