,kpi id,precison,recall,fscore
0,7,0.8904347826086957,0.7922630560928433,0.8384851586489253
